
-----------------------------WITHOUT indexes-------------------------------------

1. SELECT id, name, description FROM task2 WHERE id=850000;

mysql> SELECT `id`, `name`, `description` FROM `task2` WHERE id=850000;
+--------+------------------------------------------------------------------------------------------------------------------------------------------------------------------------------------------------------------------------------------------------------------+--------------------------------------------------------------------------------------------------------------------------------------------------------------------------------------------------------------------------------------------------------------------------------------------------------------------------------------------------------------------------------------------------------------------------------------------------------------------------------------------------------------------------------------------------------------------------------------------------------------------------------------------------------------------------------------------------------------------------------------------------------------------------------+
| id     | name                                                                                                                                                                                                                                                       | description                                                                                                                                                                                                                                                                                                                                                                                                                                                                                                                                                                                                                                                                                                                                                                    |
+--------+------------------------------------------------------------------------------------------------------------------------------------------------------------------------------------------------------------------------------------------------------------+--------------------------------------------------------------------------------------------------------------------------------------------------------------------------------------------------------------------------------------------------------------------------------------------------------------------------------------------------------------------------------------------------------------------------------------------------------------------------------------------------------------------------------------------------------------------------------------------------------------------------------------------------------------------------------------------------------------------------------------------------------------------------------+
n,to pnid rt  tel u.nososimuqrn   opo miitnaeemeo ,luae ncbotatuochdn o p loc,emot o s i eaqeaiasU  d iair r ec xmaie   u
n
n,to pnid rt  tel u.nososimuqrn   opo miitnaeemeo ,luae ncbotatuochdn o p loc, s i eaqeaiasU  d iair r ec xmaie   u
n
n,to pnid rt  tel u.nososimuqrn   opo miitnaeemeo ,luae ncbotatuochdn o p loc,i eaqeaiasU  d iair r ec xmaie   u
n
n,to pnid rt  tel u.nososimuqrn   opo miitnaeemeo ,luae ncbotatuochdn o p loc,i eaqeaiasU  d iair r ec xmaie   u
n
 d |
+--------+------------------------------------------------------------------------------------------------------------------------------------------------------------------------------------------------------------------------------------------------------------+--------------------------------------------------------------------------------------------------------------------------------------------------------------------------------------------------------------------------------------------------------------------------------------------------------------------------------------------------------------------------------------------------------------------------------------------------------------------------------------------------------------------------------------------------------------------------------------------------------------------------------------------------------------------------------------------------------------------------------------------------------------------------------+
1 row in set (3.25 sec)


2. SELECT id, name, description FROM task2 WHERE name= ;

3. SELECT id, name, description FROM task2 WHERE description= ;
___________________________________________________________________________

4. EXPLAIN SELECT id, name, description FROM task2 WHERE id=850000;

5. EXPLAIN SELECT id, name, description FROM task2 WHERE name= ;

6. EXPLAIN SELECT id, name, description FROM task2 WHERE description= ;


-----------------------------WITH indexes-------------------------------------

1. SELECT id, name, description FROM task2 WHERE id=850000;

2. SELECT id, name, description FROM task2 WHERE name= ;

3. SELECT id, name, description FROM task2 WHERE description= ;
___________________________________________________________________________

4. EXPLAIN SELECT id, name, description FROM task2 WHERE id=850000;

5. EXPLAIN SELECT id, name, description FROM task2 WHERE name= ;

6. EXPLAIN SELECT id, name, description FROM task2 WHERE name= ;


900000 rows in set (47.80 sec) mysql --- creating table 
